GEO.id,Id
GEO.id2,Id2
GEO.display-label,Geography
HC01_EST_VC01,Total; Estimate; Total population
HC01_MOE_VC01,Total; Margin of Error; Total population
HC02_EST_VC01,Percent; Estimate; Total population
HC02_MOE_VC01,Percent; Margin of Error; Total population
HC03_EST_VC01,Male; Estimate; Total population
HC03_MOE_VC01,Male; Margin of Error; Total population
HC04_EST_VC01,Percent Male; Estimate; Total population
HC04_MOE_VC01,Percent Male; Margin of Error; Total population
HC05_EST_VC01,Female; Estimate; Total population
HC05_MOE_VC01,Female; Margin of Error; Total population
HC06_EST_VC01,Percent Female; Estimate; Total population
HC06_MOE_VC01,Percent Female; Margin of Error; Total population
HC01_EST_VC03,Total; Estimate; AGE - Under 5 years
HC01_MOE_VC03,Total; Margin of Error; AGE - Under 5 years
HC02_EST_VC03,Percent; Estimate; AGE - Under 5 years
HC02_MOE_VC03,Percent; Margin of Error; AGE - Under 5 years
HC03_EST_VC03,Male; Estimate; AGE - Under 5 years
HC03_MOE_VC03,Male; Margin of Error; AGE - Under 5 years
HC04_EST_VC03,Percent Male; Estimate; AGE - Under 5 years
HC04_MOE_VC03,Percent Male; Margin of Error; AGE - Under 5 years
HC05_EST_VC03,Female; Estimate; AGE - Under 5 years
HC05_MOE_VC03,Female; Margin of Error; AGE - Under 5 years
HC06_EST_VC03,Percent Female; Estimate; AGE - Under 5 years
HC06_MOE_VC03,Percent Female; Margin of Error; AGE - Under 5 years
HC01_EST_VC04,Total; Estimate; AGE - 5 to 9 years
HC01_MOE_VC04,Total; Margin of Error; AGE - 5 to 9 years
HC02_EST_VC04,Percent; Estimate; AGE - 5 to 9 years
HC02_MOE_VC04,Percent; Margin of Error; AGE - 5 to 9 years
HC03_EST_VC04,Male; Estimate; AGE - 5 to 9 years
HC03_MOE_VC04,Male; Margin of Error; AGE - 5 to 9 years
HC04_EST_VC04,Percent Male; Estimate; AGE - 5 to 9 years
HC04_MOE_VC04,Percent Male; Margin of Error; AGE - 5 to 9 years
HC05_EST_VC04,Female; Estimate; AGE - 5 to 9 years
HC05_MOE_VC04,Female; Margin of Error; AGE - 5 to 9 years
HC06_EST_VC04,Percent Female; Estimate; AGE - 5 to 9 years
HC06_MOE_VC04,Percent Female; Margin of Error; AGE - 5 to 9 years
HC01_EST_VC05,Total; Estimate; AGE - 10 to 14 years
HC01_MOE_VC05,Total; Margin of Error; AGE - 10 to 14 years
HC02_EST_VC05,Percent; Estimate; AGE - 10 to 14 years
HC02_MOE_VC05,Percent; Margin of Error; AGE - 10 to 14 years
HC03_EST_VC05,Male; Estimate; AGE - 10 to 14 years
HC03_MOE_VC05,Male; Margin of Error; AGE - 10 to 14 years
HC04_EST_VC05,Percent Male; Estimate; AGE - 10 to 14 years
HC04_MOE_VC05,Percent Male; Margin of Error; AGE - 10 to 14 years
HC05_EST_VC05,Female; Estimate; AGE - 10 to 14 years
HC05_MOE_VC05,Female; Margin of Error; AGE - 10 to 14 years
HC06_EST_VC05,Percent Female; Estimate; AGE - 10 to 14 years
HC06_MOE_VC05,Percent Female; Margin of Error; AGE - 10 to 14 years
HC01_EST_VC06,Total; Estimate; AGE - 15 to 19 years
HC01_MOE_VC06,Total; Margin of Error; AGE - 15 to 19 years
HC02_EST_VC06,Percent; Estimate; AGE - 15 to 19 years
HC02_MOE_VC06,Percent; Margin of Error; AGE - 15 to 19 years
HC03_EST_VC06,Male; Estimate; AGE - 15 to 19 years
HC03_MOE_VC06,Male; Margin of Error; AGE - 15 to 19 years
HC04_EST_VC06,Percent Male; Estimate; AGE - 15 to 19 years
HC04_MOE_VC06,Percent Male; Margin of Error; AGE - 15 to 19 years
HC05_EST_VC06,Female; Estimate; AGE - 15 to 19 years
HC05_MOE_VC06,Female; Margin of Error; AGE - 15 to 19 years
HC06_EST_VC06,Percent Female; Estimate; AGE - 15 to 19 years
HC06_MOE_VC06,Percent Female; Margin of Error; AGE - 15 to 19 years
HC01_EST_VC07,Total; Estimate; AGE - 20 to 24 years
HC01_MOE_VC07,Total; Margin of Error; AGE - 20 to 24 years
HC02_EST_VC07,Percent; Estimate; AGE - 20 to 24 years
HC02_MOE_VC07,Percent; Margin of Error; AGE - 20 to 24 years
HC03_EST_VC07,Male; Estimate; AGE - 20 to 24 years
HC03_MOE_VC07,Male; Margin of Error; AGE - 20 to 24 years
HC04_EST_VC07,Percent Male; Estimate; AGE - 20 to 24 years
HC04_MOE_VC07,Percent Male; Margin of Error; AGE - 20 to 24 years
HC05_EST_VC07,Female; Estimate; AGE - 20 to 24 years
HC05_MOE_VC07,Female; Margin of Error; AGE - 20 to 24 years
HC06_EST_VC07,Percent Female; Estimate; AGE - 20 to 24 years
HC06_MOE_VC07,Percent Female; Margin of Error; AGE - 20 to 24 years
HC01_EST_VC08,Total; Estimate; AGE - 25 to 29 years
HC01_MOE_VC08,Total; Margin of Error; AGE - 25 to 29 years
HC02_EST_VC08,Percent; Estimate; AGE - 25 to 29 years
HC02_MOE_VC08,Percent; Margin of Error; AGE - 25 to 29 years
HC03_EST_VC08,Male; Estimate; AGE - 25 to 29 years
HC03_MOE_VC08,Male; Margin of Error; AGE - 25 to 29 years
HC04_EST_VC08,Percent Male; Estimate; AGE - 25 to 29 years
HC04_MOE_VC08,Percent Male; Margin of Error; AGE - 25 to 29 years
HC05_EST_VC08,Female; Estimate; AGE - 25 to 29 years
HC05_MOE_VC08,Female; Margin of Error; AGE - 25 to 29 years
HC06_EST_VC08,Percent Female; Estimate; AGE - 25 to 29 years
HC06_MOE_VC08,Percent Female; Margin of Error; AGE - 25 to 29 years
HC01_EST_VC09,Total; Estimate; AGE - 30 to 34 years
HC01_MOE_VC09,Total; Margin of Error; AGE - 30 to 34 years
HC02_EST_VC09,Percent; Estimate; AGE - 30 to 34 years
HC02_MOE_VC09,Percent; Margin of Error; AGE - 30 to 34 years
HC03_EST_VC09,Male; Estimate; AGE - 30 to 34 years
HC03_MOE_VC09,Male; Margin of Error; AGE - 30 to 34 years
HC04_EST_VC09,Percent Male; Estimate; AGE - 30 to 34 years
HC04_MOE_VC09,Percent Male; Margin of Error; AGE - 30 to 34 years
HC05_EST_VC09,Female; Estimate; AGE - 30 to 34 years
HC05_MOE_VC09,Female; Margin of Error; AGE - 30 to 34 years
HC06_EST_VC09,Percent Female; Estimate; AGE - 30 to 34 years
HC06_MOE_VC09,Percent Female; Margin of Error; AGE - 30 to 34 years
HC01_EST_VC10,Total; Estimate; AGE - 35 to 39 years
HC01_MOE_VC10,Total; Margin of Error; AGE - 35 to 39 years
HC02_EST_VC10,Percent; Estimate; AGE - 35 to 39 years
HC02_MOE_VC10,Percent; Margin of Error; AGE - 35 to 39 years
HC03_EST_VC10,Male; Estimate; AGE - 35 to 39 years
HC03_MOE_VC10,Male; Margin of Error; AGE - 35 to 39 years
HC04_EST_VC10,Percent Male; Estimate; AGE - 35 to 39 years
HC04_MOE_VC10,Percent Male; Margin of Error; AGE - 35 to 39 years
HC05_EST_VC10,Female; Estimate; AGE - 35 to 39 years
HC05_MOE_VC10,Female; Margin of Error; AGE - 35 to 39 years
HC06_EST_VC10,Percent Female; Estimate; AGE - 35 to 39 years
HC06_MOE_VC10,Percent Female; Margin of Error; AGE - 35 to 39 years
HC01_EST_VC11,Total; Estimate; AGE - 40 to 44 years
HC01_MOE_VC11,Total; Margin of Error; AGE - 40 to 44 years
HC02_EST_VC11,Percent; Estimate; AGE - 40 to 44 years
HC02_MOE_VC11,Percent; Margin of Error; AGE - 40 to 44 years
HC03_EST_VC11,Male; Estimate; AGE - 40 to 44 years
HC03_MOE_VC11,Male; Margin of Error; AGE - 40 to 44 years
HC04_EST_VC11,Percent Male; Estimate; AGE - 40 to 44 years
HC04_MOE_VC11,Percent Male; Margin of Error; AGE - 40 to 44 years
HC05_EST_VC11,Female; Estimate; AGE - 40 to 44 years
HC05_MOE_VC11,Female; Margin of Error; AGE - 40 to 44 years
HC06_EST_VC11,Percent Female; Estimate; AGE - 40 to 44 years
HC06_MOE_VC11,Percent Female; Margin of Error; AGE - 40 to 44 years
HC01_EST_VC12,Total; Estimate; AGE - 45 to 49 years
HC01_MOE_VC12,Total; Margin of Error; AGE - 45 to 49 years
HC02_EST_VC12,Percent; Estimate; AGE - 45 to 49 years
HC02_MOE_VC12,Percent; Margin of Error; AGE - 45 to 49 years
HC03_EST_VC12,Male; Estimate; AGE - 45 to 49 years
HC03_MOE_VC12,Male; Margin of Error; AGE - 45 to 49 years
HC04_EST_VC12,Percent Male; Estimate; AGE - 45 to 49 years
HC04_MOE_VC12,Percent Male; Margin of Error; AGE - 45 to 49 years
HC05_EST_VC12,Female; Estimate; AGE - 45 to 49 years
HC05_MOE_VC12,Female; Margin of Error; AGE - 45 to 49 years
HC06_EST_VC12,Percent Female; Estimate; AGE - 45 to 49 years
HC06_MOE_VC12,Percent Female; Margin of Error; AGE - 45 to 49 years
HC01_EST_VC13,Total; Estimate; AGE - 50 to 54 years
HC01_MOE_VC13,Total; Margin of Error; AGE - 50 to 54 years
HC02_EST_VC13,Percent; Estimate; AGE - 50 to 54 years
HC02_MOE_VC13,Percent; Margin of Error; AGE - 50 to 54 years
HC03_EST_VC13,Male; Estimate; AGE - 50 to 54 years
HC03_MOE_VC13,Male; Margin of Error; AGE - 50 to 54 years
HC04_EST_VC13,Percent Male; Estimate; AGE - 50 to 54 years
HC04_MOE_VC13,Percent Male; Margin of Error; AGE - 50 to 54 years
HC05_EST_VC13,Female; Estimate; AGE - 50 to 54 years
HC05_MOE_VC13,Female; Margin of Error; AGE - 50 to 54 years
HC06_EST_VC13,Percent Female; Estimate; AGE - 50 to 54 years
HC06_MOE_VC13,Percent Female; Margin of Error; AGE - 50 to 54 years
HC01_EST_VC14,Total; Estimate; AGE - 55 to 59 years
HC01_MOE_VC14,Total; Margin of Error; AGE - 55 to 59 years
HC02_EST_VC14,Percent; Estimate; AGE - 55 to 59 years
HC02_MOE_VC14,Percent; Margin of Error; AGE - 55 to 59 years
HC03_EST_VC14,Male; Estimate; AGE - 55 to 59 years
HC03_MOE_VC14,Male; Margin of Error; AGE - 55 to 59 years
HC04_EST_VC14,Percent Male; Estimate; AGE - 55 to 59 years
HC04_MOE_VC14,Percent Male; Margin of Error; AGE - 55 to 59 years
HC05_EST_VC14,Female; Estimate; AGE - 55 to 59 years
HC05_MOE_VC14,Female; Margin of Error; AGE - 55 to 59 years
HC06_EST_VC14,Percent Female; Estimate; AGE - 55 to 59 years
HC06_MOE_VC14,Percent Female; Margin of Error; AGE - 55 to 59 years
HC01_EST_VC15,Total; Estimate; AGE - 60 to 64 years
HC01_MOE_VC15,Total; Margin of Error; AGE - 60 to 64 years
HC02_EST_VC15,Percent; Estimate; AGE - 60 to 64 years
HC02_MOE_VC15,Percent; Margin of Error; AGE - 60 to 64 years
HC03_EST_VC15,Male; Estimate; AGE - 60 to 64 years
HC03_MOE_VC15,Male; Margin of Error; AGE - 60 to 64 years
HC04_EST_VC15,Percent Male; Estimate; AGE - 60 to 64 years
HC04_MOE_VC15,Percent Male; Margin of Error; AGE - 60 to 64 years
HC05_EST_VC15,Female; Estimate; AGE - 60 to 64 years
HC05_MOE_VC15,Female; Margin of Error; AGE - 60 to 64 years
HC06_EST_VC15,Percent Female; Estimate; AGE - 60 to 64 years
HC06_MOE_VC15,Percent Female; Margin of Error; AGE - 60 to 64 years
HC01_EST_VC16,Total; Estimate; AGE - 65 to 69 years
HC01_MOE_VC16,Total; Margin of Error; AGE - 65 to 69 years
HC02_EST_VC16,Percent; Estimate; AGE - 65 to 69 years
HC02_MOE_VC16,Percent; Margin of Error; AGE - 65 to 69 years
HC03_EST_VC16,Male; Estimate; AGE - 65 to 69 years
HC03_MOE_VC16,Male; Margin of Error; AGE - 65 to 69 years
HC04_EST_VC16,Percent Male; Estimate; AGE - 65 to 69 years
HC04_MOE_VC16,Percent Male; Margin of Error; AGE - 65 to 69 years
HC05_EST_VC16,Female; Estimate; AGE - 65 to 69 years
HC05_MOE_VC16,Female; Margin of Error; AGE - 65 to 69 years
HC06_EST_VC16,Percent Female; Estimate; AGE - 65 to 69 years
HC06_MOE_VC16,Percent Female; Margin of Error; AGE - 65 to 69 years
HC01_EST_VC17,Total; Estimate; AGE - 70 to 74 years
HC01_MOE_VC17,Total; Margin of Error; AGE - 70 to 74 years
HC02_EST_VC17,Percent; Estimate; AGE - 70 to 74 years
HC02_MOE_VC17,Percent; Margin of Error; AGE - 70 to 74 years
HC03_EST_VC17,Male; Estimate; AGE - 70 to 74 years
HC03_MOE_VC17,Male; Margin of Error; AGE - 70 to 74 years
HC04_EST_VC17,Percent Male; Estimate; AGE - 70 to 74 years
HC04_MOE_VC17,Percent Male; Margin of Error; AGE - 70 to 74 years
HC05_EST_VC17,Female; Estimate; AGE - 70 to 74 years
HC05_MOE_VC17,Female; Margin of Error; AGE - 70 to 74 years
HC06_EST_VC17,Percent Female; Estimate; AGE - 70 to 74 years
HC06_MOE_VC17,Percent Female; Margin of Error; AGE - 70 to 74 years
HC01_EST_VC18,Total; Estimate; AGE - 75 to 79 years
HC01_MOE_VC18,Total; Margin of Error; AGE - 75 to 79 years
HC02_EST_VC18,Percent; Estimate; AGE - 75 to 79 years
HC02_MOE_VC18,Percent; Margin of Error; AGE - 75 to 79 years
HC03_EST_VC18,Male; Estimate; AGE - 75 to 79 years
HC03_MOE_VC18,Male; Margin of Error; AGE - 75 to 79 years
HC04_EST_VC18,Percent Male; Estimate; AGE - 75 to 79 years
HC04_MOE_VC18,Percent Male; Margin of Error; AGE - 75 to 79 years
HC05_EST_VC18,Female; Estimate; AGE - 75 to 79 years
HC05_MOE_VC18,Female; Margin of Error; AGE - 75 to 79 years
HC06_EST_VC18,Percent Female; Estimate; AGE - 75 to 79 years
HC06_MOE_VC18,Percent Female; Margin of Error; AGE - 75 to 79 years
HC01_EST_VC19,Total; Estimate; AGE - 80 to 84 years
HC01_MOE_VC19,Total; Margin of Error; AGE - 80 to 84 years
HC02_EST_VC19,Percent; Estimate; AGE - 80 to 84 years
HC02_MOE_VC19,Percent; Margin of Error; AGE - 80 to 84 years
HC03_EST_VC19,Male; Estimate; AGE - 80 to 84 years
HC03_MOE_VC19,Male; Margin of Error; AGE - 80 to 84 years
HC04_EST_VC19,Percent Male; Estimate; AGE - 80 to 84 years
HC04_MOE_VC19,Percent Male; Margin of Error; AGE - 80 to 84 years
HC05_EST_VC19,Female; Estimate; AGE - 80 to 84 years
HC05_MOE_VC19,Female; Margin of Error; AGE - 80 to 84 years
HC06_EST_VC19,Percent Female; Estimate; AGE - 80 to 84 years
HC06_MOE_VC19,Percent Female; Margin of Error; AGE - 80 to 84 years
HC01_EST_VC20,Total; Estimate; AGE - 85 years and over
HC01_MOE_VC20,Total; Margin of Error; AGE - 85 years and over
HC02_EST_VC20,Percent; Estimate; AGE - 85 years and over
HC02_MOE_VC20,Percent; Margin of Error; AGE - 85 years and over
HC03_EST_VC20,Male; Estimate; AGE - 85 years and over
HC03_MOE_VC20,Male; Margin of Error; AGE - 85 years and over
HC04_EST_VC20,Percent Male; Estimate; AGE - 85 years and over
HC04_MOE_VC20,Percent Male; Margin of Error; AGE - 85 years and over
HC05_EST_VC20,Female; Estimate; AGE - 85 years and over
HC05_MOE_VC20,Female; Margin of Error; AGE - 85 years and over
HC06_EST_VC20,Percent Female; Estimate; AGE - 85 years and over
HC06_MOE_VC20,Percent Female; Margin of Error; AGE - 85 years and over
HC01_EST_VC23,Total; Estimate; SELECTED AGE CATEGORIES - 5 to 14 years
HC01_MOE_VC23,Total; Margin of Error; SELECTED AGE CATEGORIES - 5 to 14 years
HC02_EST_VC23,Percent; Estimate; SELECTED AGE CATEGORIES - 5 to 14 years
HC02_MOE_VC23,Percent; Margin of Error; SELECTED AGE CATEGORIES - 5 to 14 years
HC03_EST_VC23,Male; Estimate; SELECTED AGE CATEGORIES - 5 to 14 years
HC03_MOE_VC23,Male; Margin of Error; SELECTED AGE CATEGORIES - 5 to 14 years
HC04_EST_VC23,Percent Male; Estimate; SELECTED AGE CATEGORIES - 5 to 14 years
HC04_MOE_VC23,Percent Male; Margin of Error; SELECTED AGE CATEGORIES - 5 to 14 years
HC05_EST_VC23,Female; Estimate; SELECTED AGE CATEGORIES - 5 to 14 years
HC05_MOE_VC23,Female; Margin of Error; SELECTED AGE CATEGORIES - 5 to 14 years
HC06_EST_VC23,Percent Female; Estimate; SELECTED AGE CATEGORIES - 5 to 14 years
HC06_MOE_VC23,Percent Female; Margin of Error; SELECTED AGE CATEGORIES - 5 to 14 years
HC01_EST_VC24,Total; Estimate; SELECTED AGE CATEGORIES - 15 to 17 years
HC01_MOE_VC24,Total; Margin of Error; SELECTED AGE CATEGORIES - 15 to 17 years
HC02_EST_VC24,Percent; Estimate; SELECTED AGE CATEGORIES - 15 to 17 years
HC02_MOE_VC24,Percent; Margin of Error; SELECTED AGE CATEGORIES - 15 to 17 years
HC03_EST_VC24,Male; Estimate; SELECTED AGE CATEGORIES - 15 to 17 years
HC03_MOE_VC24,Male; Margin of Error; SELECTED AGE CATEGORIES - 15 to 17 years
HC04_EST_VC24,Percent Male; Estimate; SELECTED AGE CATEGORIES - 15 to 17 years
HC04_MOE_VC24,Percent Male; Margin of Error; SELECTED AGE CATEGORIES - 15 to 17 years
HC05_EST_VC24,Female; Estimate; SELECTED AGE CATEGORIES - 15 to 17 years
HC05_MOE_VC24,Female; Margin of Error; SELECTED AGE CATEGORIES - 15 to 17 years
HC06_EST_VC24,Percent Female; Estimate; SELECTED AGE CATEGORIES - 15 to 17 years
HC06_MOE_VC24,Percent Female; Margin of Error; SELECTED AGE CATEGORIES - 15 to 17 years
HC01_EST_VC25,Total; Estimate; SELECTED AGE CATEGORIES - Under 18 years
HC01_MOE_VC25,Total; Margin of Error; SELECTED AGE CATEGORIES - Under 18 years
HC02_EST_VC25,Percent; Estimate; SELECTED AGE CATEGORIES - Under 18 years
HC02_MOE_VC25,Percent; Margin of Error; SELECTED AGE CATEGORIES - Under 18 years
HC03_EST_VC25,Male; Estimate; SELECTED AGE CATEGORIES - Under 18 years
HC03_MOE_VC25,Male; Margin of Error; SELECTED AGE CATEGORIES - Under 18 years
HC04_EST_VC25,Percent Male; Estimate; SELECTED AGE CATEGORIES - Under 18 years
HC04_MOE_VC25,Percent Male; Margin of Error; SELECTED AGE CATEGORIES - Under 18 years
HC05_EST_VC25,Female; Estimate; SELECTED AGE CATEGORIES - Under 18 years
HC05_MOE_VC25,Female; Margin of Error; SELECTED AGE CATEGORIES - Under 18 years
HC06_EST_VC25,Percent Female; Estimate; SELECTED AGE CATEGORIES - Under 18 years
HC06_MOE_VC25,Percent Female; Margin of Error; SELECTED AGE CATEGORIES - Under 18 years
HC01_EST_VC26,Total; Estimate; SELECTED AGE CATEGORIES - 18 to 24 years
HC01_MOE_VC26,Total; Margin of Error; SELECTED AGE CATEGORIES - 18 to 24 years
HC02_EST_VC26,Percent; Estimate; SELECTED AGE CATEGORIES - 18 to 24 years
HC02_MOE_VC26,Percent; Margin of Error; SELECTED AGE CATEGORIES - 18 to 24 years
HC03_EST_VC26,Male; Estimate; SELECTED AGE CATEGORIES - 18 to 24 years
HC03_MOE_VC26,Male; Margin of Error; SELECTED AGE CATEGORIES - 18 to 24 years
HC04_EST_VC26,Percent Male; Estimate; SELECTED AGE CATEGORIES - 18 to 24 years
HC04_MOE_VC26,Percent Male; Margin of Error; SELECTED AGE CATEGORIES - 18 to 24 years
HC05_EST_VC26,Female; Estimate; SELECTED AGE CATEGORIES - 18 to 24 years
HC05_MOE_VC26,Female; Margin of Error; SELECTED AGE CATEGORIES - 18 to 24 years
HC06_EST_VC26,Percent Female; Estimate; SELECTED AGE CATEGORIES - 18 to 24 years
HC06_MOE_VC26,Percent Female; Margin of Error; SELECTED AGE CATEGORIES - 18 to 24 years
HC01_EST_VC27,Total; Estimate; SELECTED AGE CATEGORIES - 15 to 44 years
HC01_MOE_VC27,Total; Margin of Error; SELECTED AGE CATEGORIES - 15 to 44 years
HC02_EST_VC27,Percent; Estimate; SELECTED AGE CATEGORIES - 15 to 44 years
HC02_MOE_VC27,Percent; Margin of Error; SELECTED AGE CATEGORIES - 15 to 44 years
HC03_EST_VC27,Male; Estimate; SELECTED AGE CATEGORIES - 15 to 44 years
HC03_MOE_VC27,Male; Margin of Error; SELECTED AGE CATEGORIES - 15 to 44 years
HC04_EST_VC27,Percent Male; Estimate; SELECTED AGE CATEGORIES - 15 to 44 years
HC04_MOE_VC27,Percent Male; Margin of Error; SELECTED AGE CATEGORIES - 15 to 44 years
HC05_EST_VC27,Female; Estimate; SELECTED AGE CATEGORIES - 15 to 44 years
HC05_MOE_VC27,Female; Margin of Error; SELECTED AGE CATEGORIES - 15 to 44 years
HC06_EST_VC27,Percent Female; Estimate; SELECTED AGE CATEGORIES - 15 to 44 years
HC06_MOE_VC27,Percent Female; Margin of Error; SELECTED AGE CATEGORIES - 15 to 44 years
HC01_EST_VC28,Total; Estimate; SELECTED AGE CATEGORIES - 16 years and over
HC01_MOE_VC28,Total; Margin of Error; SELECTED AGE CATEGORIES - 16 years and over
HC02_EST_VC28,Percent; Estimate; SELECTED AGE CATEGORIES - 16 years and over
HC02_MOE_VC28,Percent; Margin of Error; SELECTED AGE CATEGORIES - 16 years and over
HC03_EST_VC28,Male; Estimate; SELECTED AGE CATEGORIES - 16 years and over
HC03_MOE_VC28,Male; Margin of Error; SELECTED AGE CATEGORIES - 16 years and over
HC04_EST_VC28,Percent Male; Estimate; SELECTED AGE CATEGORIES - 16 years and over
HC04_MOE_VC28,Percent Male; Margin of Error; SELECTED AGE CATEGORIES - 16 years and over
HC05_EST_VC28,Female; Estimate; SELECTED AGE CATEGORIES - 16 years and over
HC05_MOE_VC28,Female; Margin of Error; SELECTED AGE CATEGORIES - 16 years and over
HC06_EST_VC28,Percent Female; Estimate; SELECTED AGE CATEGORIES - 16 years and over
HC06_MOE_VC28,Percent Female; Margin of Error; SELECTED AGE CATEGORIES - 16 years and over
HC01_EST_VC29,Total; Estimate; SELECTED AGE CATEGORIES - 18 years and over
HC01_MOE_VC29,Total; Margin of Error; SELECTED AGE CATEGORIES - 18 years and over
HC02_EST_VC29,Percent; Estimate; SELECTED AGE CATEGORIES - 18 years and over
HC02_MOE_VC29,Percent; Margin of Error; SELECTED AGE CATEGORIES - 18 years and over
HC03_EST_VC29,Male; Estimate; SELECTED AGE CATEGORIES - 18 years and over
HC03_MOE_VC29,Male; Margin of Error; SELECTED AGE CATEGORIES - 18 years and over
HC04_EST_VC29,Percent Male; Estimate; SELECTED AGE CATEGORIES - 18 years and over
HC04_MOE_VC29,Percent Male; Margin of Error; SELECTED AGE CATEGORIES - 18 years and over
HC05_EST_VC29,Female; Estimate; SELECTED AGE CATEGORIES - 18 years and over
HC05_MOE_VC29,Female; Margin of Error; SELECTED AGE CATEGORIES - 18 years and over
HC06_EST_VC29,Percent Female; Estimate; SELECTED AGE CATEGORIES - 18 years and over
HC06_MOE_VC29,Percent Female; Margin of Error; SELECTED AGE CATEGORIES - 18 years and over
HC01_EST_VC30,Total; Estimate; SELECTED AGE CATEGORIES - 21 years and over
HC01_MOE_VC30,Total; Margin of Error; SELECTED AGE CATEGORIES - 21 years and over
HC02_EST_VC30,Percent; Estimate; SELECTED AGE CATEGORIES - 21 years and over
HC02_MOE_VC30,Percent; Margin of Error; SELECTED AGE CATEGORIES - 21 years and over
HC03_EST_VC30,Male; Estimate; SELECTED AGE CATEGORIES - 21 years and over
HC03_MOE_VC30,Male; Margin of Error; SELECTED AGE CATEGORIES - 21 years and over
HC04_EST_VC30,Percent Male; Estimate; SELECTED AGE CATEGORIES - 21 years and over
HC04_MOE_VC30,Percent Male; Margin of Error; SELECTED AGE CATEGORIES - 21 years and over
HC05_EST_VC30,Female; Estimate; SELECTED AGE CATEGORIES - 21 years and over
HC05_MOE_VC30,Female; Margin of Error; SELECTED AGE CATEGORIES - 21 years and over
HC06_EST_VC30,Percent Female; Estimate; SELECTED AGE CATEGORIES - 21 years and over
HC06_MOE_VC30,Percent Female; Margin of Error; SELECTED AGE CATEGORIES - 21 years and over
HC01_EST_VC31,Total; Estimate; SELECTED AGE CATEGORIES - 60 years and over
HC01_MOE_VC31,Total; Margin of Error; SELECTED AGE CATEGORIES - 60 years and over
HC02_EST_VC31,Percent; Estimate; SELECTED AGE CATEGORIES - 60 years and over
HC02_MOE_VC31,Percent; Margin of Error; SELECTED AGE CATEGORIES - 60 years and over
HC03_EST_VC31,Male; Estimate; SELECTED AGE CATEGORIES - 60 years and over
HC03_MOE_VC31,Male; Margin of Error; SELECTED AGE CATEGORIES - 60 years and over
HC04_EST_VC31,Percent Male; Estimate; SELECTED AGE CATEGORIES - 60 years and over
HC04_MOE_VC31,Percent Male; Margin of Error; SELECTED AGE CATEGORIES - 60 years and over
HC05_EST_VC31,Female; Estimate; SELECTED AGE CATEGORIES - 60 years and over
HC05_MOE_VC31,Female; Margin of Error; SELECTED AGE CATEGORIES - 60 years and over
HC06_EST_VC31,Percent Female; Estimate; SELECTED AGE CATEGORIES - 60 years and over
HC06_MOE_VC31,Percent Female; Margin of Error; SELECTED AGE CATEGORIES - 60 years and over
HC01_EST_VC32,Total; Estimate; SELECTED AGE CATEGORIES - 62 years and over
HC01_MOE_VC32,Total; Margin of Error; SELECTED AGE CATEGORIES - 62 years and over
HC02_EST_VC32,Percent; Estimate; SELECTED AGE CATEGORIES - 62 years and over
HC02_MOE_VC32,Percent; Margin of Error; SELECTED AGE CATEGORIES - 62 years and over
HC03_EST_VC32,Male; Estimate; SELECTED AGE CATEGORIES - 62 years and over
HC03_MOE_VC32,Male; Margin of Error; SELECTED AGE CATEGORIES - 62 years and over
HC04_EST_VC32,Percent Male; Estimate; SELECTED AGE CATEGORIES - 62 years and over
HC04_MOE_VC32,Percent Male; Margin of Error; SELECTED AGE CATEGORIES - 62 years and over
HC05_EST_VC32,Female; Estimate; SELECTED AGE CATEGORIES - 62 years and over
HC05_MOE_VC32,Female; Margin of Error; SELECTED AGE CATEGORIES - 62 years and over
HC06_EST_VC32,Percent Female; Estimate; SELECTED AGE CATEGORIES - 62 years and over
HC06_MOE_VC32,Percent Female; Margin of Error; SELECTED AGE CATEGORIES - 62 years and over
HC01_EST_VC33,Total; Estimate; SELECTED AGE CATEGORIES - 65 years and over
HC01_MOE_VC33,Total; Margin of Error; SELECTED AGE CATEGORIES - 65 years and over
HC02_EST_VC33,Percent; Estimate; SELECTED AGE CATEGORIES - 65 years and over
HC02_MOE_VC33,Percent; Margin of Error; SELECTED AGE CATEGORIES - 65 years and over
HC03_EST_VC33,Male; Estimate; SELECTED AGE CATEGORIES - 65 years and over
HC03_MOE_VC33,Male; Margin of Error; SELECTED AGE CATEGORIES - 65 years and over
HC04_EST_VC33,Percent Male; Estimate; SELECTED AGE CATEGORIES - 65 years and over
HC04_MOE_VC33,Percent Male; Margin of Error; SELECTED AGE CATEGORIES - 65 years and over
HC05_EST_VC33,Female; Estimate; SELECTED AGE CATEGORIES - 65 years and over
HC05_MOE_VC33,Female; Margin of Error; SELECTED AGE CATEGORIES - 65 years and over
HC06_EST_VC33,Percent Female; Estimate; SELECTED AGE CATEGORIES - 65 years and over
HC06_MOE_VC33,Percent Female; Margin of Error; SELECTED AGE CATEGORIES - 65 years and over
HC01_EST_VC34,Total; Estimate; SELECTED AGE CATEGORIES - 75 years and over
HC01_MOE_VC34,Total; Margin of Error; SELECTED AGE CATEGORIES - 75 years and over
HC02_EST_VC34,Percent; Estimate; SELECTED AGE CATEGORIES - 75 years and over
HC02_MOE_VC34,Percent; Margin of Error; SELECTED AGE CATEGORIES - 75 years and over
HC03_EST_VC34,Male; Estimate; SELECTED AGE CATEGORIES - 75 years and over
HC03_MOE_VC34,Male; Margin of Error; SELECTED AGE CATEGORIES - 75 years and over
HC04_EST_VC34,Percent Male; Estimate; SELECTED AGE CATEGORIES - 75 years and over
HC04_MOE_VC34,Percent Male; Margin of Error; SELECTED AGE CATEGORIES - 75 years and over
HC05_EST_VC34,Female; Estimate; SELECTED AGE CATEGORIES - 75 years and over
HC05_MOE_VC34,Female; Margin of Error; SELECTED AGE CATEGORIES - 75 years and over
HC06_EST_VC34,Percent Female; Estimate; SELECTED AGE CATEGORIES - 75 years and over
HC06_MOE_VC34,Percent Female; Margin of Error; SELECTED AGE CATEGORIES - 75 years and over
HC01_EST_VC37,Total; Estimate; SUMMARY INDICATORS - Median age (years)
HC01_MOE_VC37,Total; Margin of Error; SUMMARY INDICATORS - Median age (years)
HC02_EST_VC37,Percent; Estimate; SUMMARY INDICATORS - Median age (years)
HC02_MOE_VC37,Percent; Margin of Error; SUMMARY INDICATORS - Median age (years)
HC03_EST_VC37,Male; Estimate; SUMMARY INDICATORS - Median age (years)
HC03_MOE_VC37,Male; Margin of Error; SUMMARY INDICATORS - Median age (years)
HC04_EST_VC37,Percent Male; Estimate; SUMMARY INDICATORS - Median age (years)
HC04_MOE_VC37,Percent Male; Margin of Error; SUMMARY INDICATORS - Median age (years)
HC05_EST_VC37,Female; Estimate; SUMMARY INDICATORS - Median age (years)
HC05_MOE_VC37,Female; Margin of Error; SUMMARY INDICATORS - Median age (years)
HC06_EST_VC37,Percent Female; Estimate; SUMMARY INDICATORS - Median age (years)
HC06_MOE_VC37,Percent Female; Margin of Error; SUMMARY INDICATORS - Median age (years)
HC01_EST_VC38,Total; Estimate; SUMMARY INDICATORS - Sex ratio (males per 100 females)
HC01_MOE_VC38,Total; Margin of Error; SUMMARY INDICATORS - Sex ratio (males per 100 females)
HC02_EST_VC38,Percent; Estimate; SUMMARY INDICATORS - Sex ratio (males per 100 females)
HC02_MOE_VC38,Percent; Margin of Error; SUMMARY INDICATORS - Sex ratio (males per 100 females)
HC03_EST_VC38,Male; Estimate; SUMMARY INDICATORS - Sex ratio (males per 100 females)
HC03_MOE_VC38,Male; Margin of Error; SUMMARY INDICATORS - Sex ratio (males per 100 females)
HC04_EST_VC38,Percent Male; Estimate; SUMMARY INDICATORS - Sex ratio (males per 100 females)
HC04_MOE_VC38,Percent Male; Margin of Error; SUMMARY INDICATORS - Sex ratio (males per 100 females)
HC05_EST_VC38,Female; Estimate; SUMMARY INDICATORS - Sex ratio (males per 100 females)
HC05_MOE_VC38,Female; Margin of Error; SUMMARY INDICATORS - Sex ratio (males per 100 females)
HC06_EST_VC38,Percent Female; Estimate; SUMMARY INDICATORS - Sex ratio (males per 100 females)
HC06_MOE_VC38,Percent Female; Margin of Error; SUMMARY INDICATORS - Sex ratio (males per 100 females)
HC01_EST_VC39,Total; Estimate; SUMMARY INDICATORS - Age dependency ratio
HC01_MOE_VC39,Total; Margin of Error; SUMMARY INDICATORS - Age dependency ratio
HC02_EST_VC39,Percent; Estimate; SUMMARY INDICATORS - Age dependency ratio
HC02_MOE_VC39,Percent; Margin of Error; SUMMARY INDICATORS - Age dependency ratio
HC03_EST_VC39,Male; Estimate; SUMMARY INDICATORS - Age dependency ratio
HC03_MOE_VC39,Male; Margin of Error; SUMMARY INDICATORS - Age dependency ratio
HC04_EST_VC39,Percent Male; Estimate; SUMMARY INDICATORS - Age dependency ratio
HC04_MOE_VC39,Percent Male; Margin of Error; SUMMARY INDICATORS - Age dependency ratio
HC05_EST_VC39,Female; Estimate; SUMMARY INDICATORS - Age dependency ratio
HC05_MOE_VC39,Female; Margin of Error; SUMMARY INDICATORS - Age dependency ratio
HC06_EST_VC39,Percent Female; Estimate; SUMMARY INDICATORS - Age dependency ratio
HC06_MOE_VC39,Percent Female; Margin of Error; SUMMARY INDICATORS - Age dependency ratio
HC01_EST_VC40,Total; Estimate; SUMMARY INDICATORS - Old-age dependency ratio
HC01_MOE_VC40,Total; Margin of Error; SUMMARY INDICATORS - Old-age dependency ratio
HC02_EST_VC40,Percent; Estimate; SUMMARY INDICATORS - Old-age dependency ratio
HC02_MOE_VC40,Percent; Margin of Error; SUMMARY INDICATORS - Old-age dependency ratio
HC03_EST_VC40,Male; Estimate; SUMMARY INDICATORS - Old-age dependency ratio
HC03_MOE_VC40,Male; Margin of Error; SUMMARY INDICATORS - Old-age dependency ratio
HC04_EST_VC40,Percent Male; Estimate; SUMMARY INDICATORS - Old-age dependency ratio
HC04_MOE_VC40,Percent Male; Margin of Error; SUMMARY INDICATORS - Old-age dependency ratio
HC05_EST_VC40,Female; Estimate; SUMMARY INDICATORS - Old-age dependency ratio
HC05_MOE_VC40,Female; Margin of Error; SUMMARY INDICATORS - Old-age dependency ratio
HC06_EST_VC40,Percent Female; Estimate; SUMMARY INDICATORS - Old-age dependency ratio
HC06_MOE_VC40,Percent Female; Margin of Error; SUMMARY INDICATORS - Old-age dependency ratio
HC01_EST_VC41,Total; Estimate; SUMMARY INDICATORS - Child dependency ratio
HC01_MOE_VC41,Total; Margin of Error; SUMMARY INDICATORS - Child dependency ratio
HC02_EST_VC41,Percent; Estimate; SUMMARY INDICATORS - Child dependency ratio
HC02_MOE_VC41,Percent; Margin of Error; SUMMARY INDICATORS - Child dependency ratio
HC03_EST_VC41,Male; Estimate; SUMMARY INDICATORS - Child dependency ratio
HC03_MOE_VC41,Male; Margin of Error; SUMMARY INDICATORS - Child dependency ratio
HC04_EST_VC41,Percent Male; Estimate; SUMMARY INDICATORS - Child dependency ratio
HC04_MOE_VC41,Percent Male; Margin of Error; SUMMARY INDICATORS - Child dependency ratio
HC05_EST_VC41,Female; Estimate; SUMMARY INDICATORS - Child dependency ratio
HC05_MOE_VC41,Female; Margin of Error; SUMMARY INDICATORS - Child dependency ratio
HC06_EST_VC41,Percent Female; Estimate; SUMMARY INDICATORS - Child dependency ratio
HC06_MOE_VC41,Percent Female; Margin of Error; SUMMARY INDICATORS - Child dependency ratio
HC01_EST_VC44,Total; Estimate; PERCENT ALLOCATED - Sex
HC01_MOE_VC44,Total; Margin of Error; PERCENT ALLOCATED - Sex
HC02_EST_VC44,Percent; Estimate; PERCENT ALLOCATED - Sex
HC02_MOE_VC44,Percent; Margin of Error; PERCENT ALLOCATED - Sex
HC03_EST_VC44,Male; Estimate; PERCENT ALLOCATED - Sex
HC03_MOE_VC44,Male; Margin of Error; PERCENT ALLOCATED - Sex
HC04_EST_VC44,Percent Male; Estimate; PERCENT ALLOCATED - Sex
HC04_MOE_VC44,Percent Male; Margin of Error; PERCENT ALLOCATED - Sex
HC05_EST_VC44,Female; Estimate; PERCENT ALLOCATED - Sex
HC05_MOE_VC44,Female; Margin of Error; PERCENT ALLOCATED - Sex
HC06_EST_VC44,Percent Female; Estimate; PERCENT ALLOCATED - Sex
HC06_MOE_VC44,Percent Female; Margin of Error; PERCENT ALLOCATED - Sex
HC01_EST_VC45,Total; Estimate; PERCENT ALLOCATED - Age
HC01_MOE_VC45,Total; Margin of Error; PERCENT ALLOCATED - Age
HC02_EST_VC45,Percent; Estimate; PERCENT ALLOCATED - Age
HC02_MOE_VC45,Percent; Margin of Error; PERCENT ALLOCATED - Age
HC03_EST_VC45,Male; Estimate; PERCENT ALLOCATED - Age
HC03_MOE_VC45,Male; Margin of Error; PERCENT ALLOCATED - Age
HC04_EST_VC45,Percent Male; Estimate; PERCENT ALLOCATED - Age
HC04_MOE_VC45,Percent Male; Margin of Error; PERCENT ALLOCATED - Age
HC05_EST_VC45,Female; Estimate; PERCENT ALLOCATED - Age
HC05_MOE_VC45,Female; Margin of Error; PERCENT ALLOCATED - Age
HC06_EST_VC45,Percent Female; Estimate; PERCENT ALLOCATED - Age
HC06_MOE_VC45,Percent Female; Margin of Error; PERCENT ALLOCATED - Age
